INSERT INTO `pessoa` VALUES ('607215599','Justine Balistreri','855 Olen Neck Suite 677'),
('1477740975','Kianna Hayes','036 Jenkins Plaza Suite 966'),
('3206691377','Alena Morar','200 Nienow Loaf Apt. 906'),
('3244696759','Louvenia Hermann','49577 Schaden Street Apt. 378'),
('4188540462','Haylie Schneider','91964 Ward Meadow'),
('5268044805','Russell Corkery','99699 Elvis Courts Suite 186'),
('5580725032','Gust Borer','12125 Schroeder Mount Apt. 130'),
('6379599798','Shannon Lowe','71350 Hudson Vista Suite 067'),
('6446462300','Jordon Lind DVM','6202 Gia Place'),
('6899902864','Dr. Annie Gerhold III','921 Will Gateway Suite 935'),
('7831655220','Josefina Thiel','90812 Rudolph Curve'),
('10103698186','Mrs. Charlotte Cruickshank','167 Karl Isle'),
('10208133052','Eusebio Cormier DVM','0169 Amelia Bridge Apt. 066'),
('10386780597','Birdie Welch','70862 Leora Shoals'),
('11652430008','Dr. Kaia Lehner','228 Hoeger Trafficway Apt. 525'),
('13343309770','Colby Franecki','2310 Courtney Summit'),
('13958234514','Bridget Blick PhD','9468 Spencer Light'),
('14404296944','Mr. Bertram Hagenes III','74865 Garnet Underpass'),
('18738268508','Mr. Dario Nicolas','95185 Wilmer Islands Apt. 302'),
('19132407990','Miss Mona Swaniawski III','695 Rodriguez Hills Apt. 525'),
('19891915953','Lilly Doyle MD','7585 Tristian Mews'),
('21928109223','Serena Wuckert','559 Pearline Walk'),
('21935363386','Dr. April Skiles','16009 Walsh Parks Suite 384'),
('22541854233','Alvah Legros IV','34778 Fadel Circle'),
('23965688190','Prof. Katrina Ullrich','23371 Konopelski Flat Apt. 331'),
('24398296279','Zander McCullough Jr.','58867 Jacklyn Lane'),
('25566490568','Deron Stokes','1573 Seth Junctions Suite 910'),
('25692722551','Ambrose Lynch','848 Dejuan Crossroad'),
('28144311249','Melany Marks','03572 Efrain Alley'),
('28434797610','Jacquelyn Grady','985 Leannon Overpass Apt. 473'),
('28440005836','Mrs. Destiney Thiel','728 Edmund Harbors Suite 812'),
('29422814074','Edgar Bashirian','902 Lueilwitz Track Suite 353'),
('32420039976','Idell Zieme','640 Thompson Village Suite 600'),
('32698086602','Mrs. Dayana Hilpert','782 Electa Wall Suite 066'),
('32878624726','Emma Kozey','2109 Dickinson Stream Suite 991'),
('33395115915','Chaya Will','77053 Schmeler Mission'),
('33827371824','Finn Rutherford','763 Rylee Ports Suite 234'),
('35260395376','Santiago Hahn','32390 Treutel Cape'),
('36386294336','Genoveva Durgan V','420 Kuvalis Course'),
('36916037177','Claudia Hagenes','415 Will Stream'),
('37944991618','Abagail Effertz','938 Klein Alley'),
('38032550136','Kallie Schowalter DDS','63179 Hoppe Divide Suite 967'),
('38304226053','Petra Grimes','7006 Thea Grove'),
('39884104617','Gina Stamm MD','2825 May Walk Suite 640'),
('40039851098','Derick Ziemann Jr.','8637 Schiller Cove Suite 011'),
('41495401609','Olaf Bahringer','434 Nolan Land Suite 894'),
('42578079038','Mr. Doyle Herman IV','594 Wilma Causeway Suite 463'),
('43219077546','Ms. Greta Dietrich','9816 Zachariah Flat'),
('45061146099','Mervin Williamson','210 Smith Station Suite 871'),
('45632175548','Mr. Rex Moen DVM','2948 Rene Station'),
('46676043454','Abigayle Lebsack','9460 Vaughn Locks'),
('48396017245','Carleton Mohr','50887 Denesik Shores'),
('50943096594','Tom Moen','30709 Jordane Lakes'),
('52008020220','Allison Shanahan','412 Stamm Tunnel Apt. 034'),
('52499541441','Mr. Thomas Lubowitz','0713 Carroll Divide'),
('52655212183','Dr. Aliyah Reichert III','022 Wyatt Brook'),
('52856955687','Pinkie Ferry','65247 Angie Court Suite 077'),
('53247130093','Dana Kuhn','5742 Hansen Turnpike'),
('53856212211','Prof. Harley Crona Jr.','9194 Bayer Underpass'),
('54827802912','Travon Mohr','649 Meta Spur'),
('56167185521','Hellen Romaguera','8383 Abdullah Spur Apt. 278'),
('56655900724','Ressie Stracke MD','0435 Jaylin Plain Apt. 021'),
('57276969844','Mr. Ezequiel Weber DDS','607 Harvey Gateway'),
('57381587008','Mrs. Edna Wolf Jr.','213 Nitzsche Lake'),
('60864338802','Dr. Pearline Dickens','63592 Russel Mall Suite 455'),
('63777381871','Mr. Declan Deckow','47726 Wisozk Extension Suite 414'),
('66476133669','Lavon Schaden','707 Adelia Square'),
('68171016779','Lee Grimes','073 Keegan Burgs Apt. 861'),
('68879123636','Prof. Loyal Brakus DVM','76853 Daphne Gardens'),
('69211079687','Adelbert Rutherford','17759 Brekke Run'),
('72847098533','Carmel Krajcik','6973 Bartell Trafficway Apt. 719'),
('73020858281','Dr. Sincere Nicolas DDS','42963 Witting Expressway Apt. 988'),
('73179507949','Dedric Nienow','0724 Lakin Hill'),
('74243661385','Jan Gusikowski Jr.','30630 Willms Plain'),
('74940090386','Hailey Kozey','8202 Little Mountain Apt. 533'),
('75492689636','Rosetta Brekke PhD','89592 Walter Viaduct'),
('75521691314','Claudia Fay I','50542 Mittie Creek Suite 801'),
('75973703465','Shyann Sporer','8350 Emery Port'),
('76211331819','Mara Schiller DVM','586 Considine Skyway'),
('76666585104','Janae Towne','895 Schroeder Avenue'),
('76870866016','Grace Mosciski','13245 Brennan Harbor'),
('78516322976','Carlos Gislason','0406 Kemmer Dale'),
('78601641419','Miss Helen Fritsch I','41804 Carmela Forge'),
('78608904241','Miss Ines Pfannerstill DDS','013 Hammes Street'),
('79665057359','Virginia Runolfsson','54391 Kihn Burgs Suite 781'),
('79687169913','Madaline Kohler IV','6663 Omer Parkway Suite 687'),
('79712181860','Sadye Bergnaum','9660 Klein Cape Apt. 107'),
('81667728455','Mr. Demetrius Roob','6238 May Springs'),
('82237722789','Shakira Haley','93765 Jamar Mall'),
('82335605600','Amir Prosacco','1458 McClure Cape'),
('84314012189','Krystina Reichert','8068 Felicita Rue'),
('85289276089','Edwina Metz','476 Niko Branch'),
('87536862869','Lurline Davis','27586 Francesco Vista Suite 081'),
('89949096037','Hermina Jakubowski','12451 Haley Manor Suite 536'),
('90284540807','Prof. Roberto Jacobi DDS','55171 Bettye Ville Apt. 391'),
('90514451028','Harry Feil','8446 O Kon Stravenue Apt. 742'),
('95542290448','Jade Dibbert','107 Bauch Pike'),
('97508469711','Pattie Yost','5387 Karianne Dale'),
('98850679658','Harley Beier','82212 Leon Drive Apt. 179'),
('99612820200','Prof. Annabel Bechtelar','737 Arnold Road');

INSERT INTO `divida` VALUES ('0','27.96','5268044805','69806083050810'),
('2','144370.70','14404296944','59159984390621'),
('4','3436.88','99612820200','54059908852037'),
('5','206776.74','56655900724','88087901130601'),
('6','3888746.28','52856955687','36293204545232'),
('8','8141717.77','76211331819','28860400983276'),
('9','991411.57','54827802912','59385629842730'),
('22','3329563.35','54827802912','57091961367373'),
('27','264.52','4188540462','46556554447872'),
('34','0.00','60864338802','58617616905271'),
('36','0.00','95542290448','1446340145040'),
('39','645236.54','52499541441','13721589379583'),
('49','469678583.41','56167185521','72895297003966'),
('51','27.60','52655212183','75292371539474'),
('63','31492.00','53247130093','14271042116453'),
('67','63589.78','75973703465','17442669053059'),
('70','0.00','75521691314','93174388745686'),
('75','7826095.01','19132407990','71428094005307'),
('79','54976.98','35260395376','97002483923402'),
('83','2.97','52008020220','861328461721'),
('138','48498481.67','53856212211','18314278529565'),
('168','255.43','32698086602','46236023322326'),
('208','117.21','75973703465','40221193940325'),
('230','98.08','42578079038','27676236387222'),
('240','0.00','97508469711','63296079756105'),
('360','29769.46','66476133669','58207380581893'),
('564','2.67','56167185521','26338065809908'),
('602','43142.89','57381587008','96885773332773'),
('613','0.00','85289276089','61218634766951'),
('628','81717.02','52655212183','6935714157584'),
('683','97.92','89949096037','33125818115270'),
('744','4008.62','52499541441','75485518497970'),
('807','126505.52','21928109223','51856305267660'),
('892','937034299.38','78516322976','43170552450239'),
('1657','0.00','14404296944','64691320496794'),
('1764','66.68','19132407990','45802552198347'),
('1984','51.04','46676043454','19572840184322'),
('2370','431.67','48396017245','63020130616695'),
('2592','1505926.11','36916037177','32372028834572'),
('3883','8319.27','53247130093','66157354426471'),
('4741','124.94','13343309770','28957511333198'),
('4919','8990.40','607215599','57205344226010'),
('6173','0.00','75521691314','36796395440380'),
('6882','0.16','97508469711','62885363971535'),
('8845','432.29','78601641419','30899480870309'),
('21369','843076.13','56167185521','99365451257165'),
('29193','62.28','39884104617','51061225176827'),
('49970','27.75','4188540462','12103474300310'),
('53288','0.00','10386780597','39189607801498'),
('58452','0.89','79665057359','29846478221786'),
('61128','383796.79','19132407990','33657492565996'),
('67672','562377790.98','87536862869','90468515895723'),
('71125','146303.47','32420039976','43743209524443'),
('72852','26422.13','38304226053','54564542314796'),
('214292','28.92','76666585104','7638606630783'),
('250194','72646.80','56167185521','59984867223464'),
('312201','185.51','39884104617','97842509251183'),
('324650','2590.53','98850679658','24777038302383'),
('368130','693440.18','38032550136','79356026224236'),
('415666','9753246.50','50943096594','22853936098107'),
('428514','0.00','35260395376','64706104042312'),
('488310','144329.59','75521691314','80341299031393'),
('504000','0.00','57276969844','98131600635476'),
('684195','69.82','19132407990','36859656688446'),
('701299','99258.67','45632175548','98222127681603'),
('749848','75.34','6899902864','47534830421033'),
('825974','4.79','68171016779','10430702545874'),
('1244653','1266.57','28440005836','99748884134300'),
('3599713','29.63','53856212211','71440641827329'),
('3676508','51826.78','28434797610','9244310673643'),
('3794015','230.48','57381587008','53346117464298'),
('5518508','8775.26','75973703465','93174840481920'),
('7578360','30.96','78608904241','26427785246038'),
('7750815','0.00','11652430008','95282173766924'),
('8124975','0.00','32878624726','94464223845018'),
('8988006','27459.36','7831655220','86693315756261'),
('9700335','9348.81','14404296944','61216347911128'),
('14157211','366438145.77','45061146099','60709201315575'),
('16183669','0.00','76870866016','49877927492463'),
('16796892','3727099.53','89949096037','22338750959298'),
('22015954','29445764.98','57276969844','16229180707137'),
('22742102','0.00','33827371824','53822750081755'),
('34344438','12906.12','28434797610','77575998348529'),
('43200107','63.39','46676043454','34841538925710'),
('63220403','145.77','3206691377','79568779088770'),
('68693906','156.62','72847098533','15849359005120'),
('69609592','57012881.01','78608904241','47719544763855'),
('71072392','4632.69','89949096037','42322288078528'),
('80269937','83337.98','69211079687','84320748601415'),
('242893960','12902.87','78608904241','83203715337099'),
('308265253','131.26','25692722551','88505793307593'),
('355791685','1303534.99','95542290448','69060073053898'),
('392497895','5349152.91','75492689636','89199196902465'),
('479353737','2621.40','21935363386','13365462905596'),
('551467698','3950671.02','32420039976','59430313850381'),
('582058492','3101.70','89949096037','23849246106151'),
('808160320','60702.34','29422814074','92337259694032'),
('846387432','1717800.05','33395115915','27933137837682'),
('898554610','3852124.58','57276969844','28398753651513'),
('992511267','368528.39','56167185521','9745324885160'); 

INSERT INTO `usuario` VALUES ('aaron.donnelly','d89e76cf68c4d501f293b0809bf326eaa5257714'),
('cronin.geovanny','cd8585eea8bb4b10291d94a1b993b2130c4ddcb5'),
('fadel.kayla','8310b217a335b7317de2508c18c166470f469890'),
('jordane.goodwin','0410450e164f47a0bd7c20d4222e036fa37dcd2f'),
('kip20','52d0167dba960918d27e8550af4e782d9a6fa82e'),
('laura.skiles','a27f59a03318f5179ff6aa27b9df1bcdd70e5de7'),
('leone.maggio','5f43c015a0f3fffc145092ce8045b5b4ad8526ba'),
('lesch.carmella','8cb9d5bf9b3187fc558e01a56f2929a5c56a562f'),
('rylee.littel','9b98eb373121be476db66325312ad79e2d7977c6'),
('wuckert.noel','58b801b7b0e64e1a8ab2bde242bc99020d8038b4'); 

