
INSERT INTO `pessoa` VALUES ('0','10','98419 Cristina Mills Apt. 969','Sit dolores porro amet nemo.','29169.69'),
('1','94','447 Anabel Loop','Rerum adipisci dolores id esse et.','4117357.80'),
('2','58','2196 Schultz Shore Apt. 769','Eos harum facere aut commodi vitae impedit unde.','214071.28'),
('5','75','666 Lon Parkways','Excepturi exercitationem dolor vero corporis deleniti.','1808.39'),
('6','5','855 Flatley Meadows','Velit ut voluptatem qui ipsa esse.','289609117.21'),
('7','19','70056 Destiny Cliffs','Ut molestias praesentium totam at suscipit debitis.','5040.67'),
('8','35','0661 Gideon Ville','Non odio ab aperiam voluptatem.','752574.00'),
('9','20','92022 Abernathy Burg','Veritatis est omnis quia possimus dolorem odio.','1.64'),
('11','57','123 Block Spurs','Dolores hic aut eveniet qui.','1640.43'),
('19','21','422 Raynor Streets','Corrupti inventore ipsum et reiciendis voluptates ullam.','594977.37'),
('27','94','432 Greenholt Mews','Ipsum vel earum tempora vero ea.','0.00'),
('28','74','03531 Kozey Ports','Excepturi provident qui ipsa aut odio.','346345758.15'),
('31','66','72729 Camille Mills Apt. 622','Cumque hic qui numquam fugit.','3293.69'),
('33','64','29192 Dooley Knoll Apt. 694','Eligendi similique corrupti id officia.','69389.80'),
('41','66','563 Koss Street Apt. 638','Excepturi excepturi doloribus ipsa doloribus saepe.','29890.91'),
('44','13','400 Baumbach Throughway Apt. 646','Distinctio provident ipsam cum ducimus odit enim dolorum minima.','3609.35'),
('53','53','49621 Mozell Station','Ut ut eos rem.','321284.48'),
('64','56','2978 Vivien Route','Autem ex rerum aliquid necessitatibus.','28146.33'),
('88','85','667 Javier Springs Suite 468','Facere repudiandae qui fugiat magnam nulla autem quidem.','32084284.95'),
('95','85','5587 Raleigh Isle Apt. 004','Qui tempore excepturi dolor atque est ut molestiae.','657169526.32'),
('96','42','56119 O\'Kon Orchard','Voluptatem nemo laborum corporis atque et similique molestiae.','25686346.13'),
('129','53','199 Legros Centers Suite 814','Quos corrupti nisi et in nulla.','31.71'),
('174','92','1939 Nolan Way','Magni debitis dolorem eaque et.','54.63'),
('248','92','6411 Arturo Cliff Suite 316','Ut ratione eum labore qui minus molestiae.','25719497.60'),
('301','95','3727 Grant Center','Molestiae optio aut non illo.','0.00'),
('348','21','8512 Bernhard Via Suite 287','Omnis reprehenderit omnis unde sit dolor aperiam.','8390505.50'),
('597','70','78461 Zulauf Corner Suite 519','Dolores distinctio at ex optio et ut soluta.','441.93'),
('785','7','291 Wiza Club Suite 532','Omnis eligendi fugit velit impedit dolore voluptatem veritatis aspernatur.','95.98'),
('1073','46','072 Miller Drives','Nemo velit aliquam sapiente facere sequi voluptatem aut qui.','10733797.80'),
('2955','12','1054 Leffler Expressway Apt. 381','Voluptatem eveniet debitis eligendi sed voluptatum.','0.00'),
('4288','77','712 Marion Glen Suite 126','Assumenda itaque consequatur aspernatur qui ut laborum.','13234622.99'),
('4638','67','63812 Marks Viaduct','Recusandae officia reprehenderit perspiciatis omnis omnis.','351797.72'),
('6169','51','93432 Connor Forks Apt. 612','Omnis sint tempora enim aut.','164741393.09'),
('6893','88','8214 Odie Common Apt. 581','Eligendi sunt maiores tempora aperiam minima magni culpa.','0.00'),
('8086','25','5393 Abernathy Burgs','Culpa eum aliquid temporibus aut sint quibusdam aut.','0.00'),
('8195','84','7031 Nikolas Locks','Eligendi dolorem architecto enim et aperiam voluptate eum.','0.00'),
('9226','26','563 Nikita Valley Apt. 294','Recusandae molestiae recusandae placeat expedita.','0.00'),
('9671','77','5592 Sawayn Grove Apt. 863','Facilis qui nam beatae id dolorem minus.','3642.13'),
('15949','75','1697 Tamara Underpass Apt. 426','Recusandae ut totam libero quas.','0.40'),
('20651','80','878 Carlotta River Apt. 558','Tempora possimus quia vel deserunt repellendus.','884599.78'),
('22642','98','632 Bennie Lodge','Culpa quae ut cupiditate labore mollitia.','0.00'),
('30199','74','0955 O\'Connell Extension Apt. 874','Enim et dolorum sed sed aut consectetur nisi quae.','373.11'),
('34413','21','995 Nicole Shores Suite 753','Voluptatum accusamus qui quidem voluptatem.','14392.23'),
('47995','21','669 Bartell Plains','Ut praesentium in voluptas officiis reiciendis voluptates.','4788763.65'),
('49738','11','10819 Murphy Lane Suite 632','Et et magnam qui quas molestias sit autem.','2.00'),
('62975','35','492 Zulauf Neck','Aut repudiandae qui dignissimos.','0.75'),
('65492','100','09084 America Plains','Amet libero omnis voluptatum sunt.','2670.85'),
('65620','54','215 Boehm Road','Dolorem earum id non dolores ullam non.','506832.81'),
('68217','86','16923 Modesta Plaza Suite 944','Ut neque occaecati est qui ex.','35137.06'),
('74533','97','1651 Casper Causeway Apt. 467','Quo nulla nam qui iure aliquam quis.','6.13'),
('74704','89','31622 Walsh Ranch','Iusto tempore quam culpa.','80460395.86'),
('79697','8','8035 Rempel Trace','Perspiciatis est eligendi asperiores modi doloremque repellendus.','67890.90'),
('82227','98','0048 Eddie Prairie Suite 369','Vitae architecto quis natus id eum.','0.00'),
('91177','11','0759 Maribel Mountains','Officiis libero officia magnam aliquid modi eaque est ratione.','624.25'),
('95136','18','4071 Claudie Field Suite 286','Dolorem ut impedit iure explicabo.','135765.30'),
('98324','81','54818 Camila Glens','Ut alias molestias aut.','13125.58'),
('99326','12','7051 Frami Corner','Aliquid voluptatibus impedit delectus iure non.','910.45'),
('99793','5','22505 Leannon Dale Apt. 933','Quasi saepe doloribus eligendi adipisci suscipit.','843378.40'),
('208585','89','1279 Metz Highway Apt. 800','Eos minima esse nostrum dignissimos voluptas doloribus similique.','6307320.81'),
('268292','70','7634 Sabryna Harbors','Quos sequi assumenda est sequi et.','568455864.30'),
('299386','46','85358 Luettgen Turnpike Apt. 492','Temporibus iure fugiat consequatur fugit culpa dolor modi.','2740298.24'),
('380868','34','83240 Sipes Ford','Qui et ex esse officiis earum nisi voluptatem aut.','1382.80'),
('428560','59','0592 Violette Fords Apt. 867','Hic sunt vero ut natus omnis maiores omnis.','855.64'),
('548135','15','949 Garrick Tunnel','Sed magnam laborum laboriosam eos nulla quo.','36244.30'),
('573288','84','8934 Konopelski Junctions','Illum eveniet omnis itaque ducimus non.','2200881.76'),
('607144','38','6310 Ledner Burg Suite 661','Exercitationem ea eum hic repellendus ut.','2552264.02'),
('633162','23','5130 Parker Corners Suite 113','Fugiat in in dignissimos aut nemo fugiat.','2159.56'),
('751538','66','3636 Von Lock','Culpa voluptatibus soluta omnis saepe.','13.78'),
('774118','20','55432 Paucek Ways Suite 927','Necessitatibus numquam fugiat rerum cum alias.','160605146.10'),
('774930','75','7423 Ziemann Junction','Velit nam non tempora voluptates nihil ducimus.','621.32'),
('866582','82','1312 Tod Summit Apt. 425','Voluptatem quos sit voluptatum.','3147.58'),
('874997','34','68600 Kub Groves Apt. 125','Et autem cupiditate nulla nesciunt autem eum est.','70134.23'),
('911651','52','970 Carter Vista Suite 302','Magnam similique libero et repudiandae tenetur et commodi.','478088724.85'),
('976522','93','932 Garnett Manor Apt. 876','Tenetur odio quo debitis exercitationem tenetur modi.','947674.90'),
('1182886','47','84981 Mariah Ville Suite 125','Enim facere eos voluptatem neque maxime perspiciatis rerum est.','28075.54'),
('1496728','71','8295 Boyer Manors','Sunt aperiam quia perferendis nobis sit.','6459857.83'),
('5736500','51','827 Elta Stream','Quae voluptas quidem error qui voluptas neque aut.','1.13'),
('6096107','53','08562 Oberbrunner Way Suite 922','Nulla omnis velit aut quia saepe.','199.80'),
('6364642','19','4058 Keven Creek','Voluptas omnis iusto accusantium nisi.','26634.58'),
('6634753','85','01953 Lauriane Trail','Consequatur commodi quisquam officiis in officia.','1107929.44'),
('7145507','31','05187 Aleen Dale Apt. 828','Similique ut eum aut ad quod sequi molestiae.','0.97'),
('9761345','77','1516 Woodrow Corner','Voluptatem facilis sed velit repudiandae assumenda ut.','420.01'),
('12636425','67','392 Liza Island','Saepe eum dolorum asperiores velit quam cumque repudiandae.','438968.30'),
('21969490','40','1476 Hagenes Center','Itaque laborum asperiores facilis vel animi sit.','15.12'),
('22660918','89','0409 Hansen Club','Voluptatem eos consequatur laboriosam ad et quia ut.','708629.85'),
('23935377','10','95211 Johnston Shoal','Autem et exercitationem est facilis numquam doloremque.','940530.51'),
('32520241','12','1887 O\'Connell Crossing Suite 501','Inventore voluptatem consequatur reiciendis et.','605.11'),
('33687063','5','164 Graham Mission','Sapiente repellat autem sunt est fugiat enim.','21495.29'),
('78312344','34','089 Powlowski Ports','Alias et fugiat vel eius.','133456.18'),
('85499859','82','78389 Anthony Locks','Voluptatem voluptatem eum aspernatur blanditiis.','218212771.08'),
('98395042','50','29170 Lebsack Shore Apt. 671','Placeat laboriosam est provident consectetur a quaerat.','130799915.28'),
('159548230','35','89150 Jarrell Orchard Apt. 664','Et modi rem aperiam nostrum quas qui incidunt.','0.00'),
('344752516','40','8732 Goldner Point','Ut enim minus nihil aut.','589682.70'),
('586465243','28','906 Ara Bridge Apt. 202','Consequuntur alias esse molestiae quia unde.','228325329.02'),
('612303661','66','888 Pfannerstill Roads','Explicabo mollitia quam odio.','7417469.39'),
('682828894','17','594 Murray Branch Apt. 760','Velit qui nulla nesciunt aut.','376969626.63'),
('814405327','72','12580 Hyatt Mountains','Aperiam ut laudantium rerum veniam in numquam atque.','198.42'),
('833452137','96','384 Naomie Forest Apt. 001','Occaecati et eius dolor dignissimos.','45.91'),
('860642984','83','849 Ayden Greens','Odit enim et illum vero illo rerum dolorem.','561372533.83'),
('943549605','79','87208 O\'Reilly Estates','Autem quaerat et ut perferendis sit et et.','60364450.86'); 

INSERT INTO `usuario` VALUES ('boehm.maximillia','dbd5d0af5fffbd302f64c10ed53ef05501ac9263'),
('genoveva.russel','e5c4f102ea2c8908c262663ad51ed8d936366124'),
('ibaumbach','e96bbf0b9a5a1f92c95e404f0d24c8cb2e42380e'),
('labadie.giles','13a211590f865a7bbeeb5528442a9f00e33218ac'),
('nsatterfield','f9509c191515924118bf2954ea5469c07e056b95'),
('runte.anjali','55ae5ae99fd34e7432da16a94cd23b710221bd08'),
('sherman.klein','8839be1be80b30f2d0e3444f82254ea9759c2dba'),
('turner.marilie','d88cf7bf8be8a98466352d79249c87f16f0ecae6'),
('verna48','258b69b182ca2bd0a9713a8b6cec462a2f018cdd'),
('wmiller','430c40a978b3d87f77b94d93e96b258d24131255'); 




INSERT INTO `bem` VALUES ('0','569441165.49','159548230','Aspernatur velit sit architecto aliquam ullam voluptatibus vitae.'),
('1','175.15','299386','Voluptate nam consectetur est ab eum dolore.'),
('2','78058.93','943549605','Delectus et et accusamus ut sunt.'),
('3','0.00','874997','Et doloribus at non minima et laudantium non laborum.'),
('6','5110.02','348','Eum labore cum eveniet tempora ut ut.'),
('7','28.22','20651','Velit qui ut laboriosam voluptate consequatur cupiditate dignissimos quaerat.'),
('8','373.74','9671','Quidem nesciunt facilis minima voluptas vel itaque quis.'),
('9','2.02','833452137','Doloribus nemo ad soluta aut.'),
('15','2388.43','99326','Dolorem vel tempore consequatur expedita.'),
('24','91006628.69','4638','Corrupti non consequuntur enim dolorum sit.'),
('28','4.35','0','Laboriosam esse incidunt rerum ad voluptatem omnis nisi.'),
('34','3.57','8','Vel ratione beatae facilis odio.'),
('42','4164.16','99326','Magni fugiat nam non excepturi et dolores velit.'),
('48','42.19','95136','Nihil voluptate consequatur ab maiores voluptatem et.'),
('51','0.08','30199','Ut asperiores voluptas voluptatem aut soluta mollitia.'),
('56','9191618.09','1496728','Maiores vel odit non nihil ratione officiis optio.'),
('64','21.74','28','Corrupti voluptatem aut unde cupiditate consequuntur numquam.'),
('66','919.51','78312344','Et explicabo animi qui velit laudantium accusantium.'),
('70','5592387.54','633162','Ut magnam sit dolor voluptas qui repellat est minima.'),
('79','0.00','976522','Veniam eius ut omnis accusantium nam autem dolores in.'),
('80','8.53','96','Eum velit libero quia dolor nisi.'),
('86','21.85','1','Unde sit eos velit et sit dignissimos cum.'),
('93','4535.72','33687063','Placeat sunt cum cumque non rerum qui.'),
('97','756285.57','597','Nisi possimus dolorem molestias delectus ipsam incidunt.'),
('125','383020.72','860642984','Doloremque sapiente corporis est.'),
('197','143653394.52','15949','Amet aspernatur dolores sit illum accusamus consequuntur.'),
('274','0.00','1182886','Porro temporibus recusandae molestias porro et quae quasi.'),
('302','0.00','348','Consequatur cumque nisi fuga rem tenetur.'),
('534','0.00','99326','Praesentium sint cum nulla tempore.'),
('567','59.71','99326','Aliquam assumenda qui quae praesentium aperiam laborum a minus.'),
('573','0.00','428560','Laudantium tempore eius illum.'),
('591','885173.87','208585','Voluptatem repellat nam consequatur.'),
('660','0.00','78312344','Est repellat reprehenderit incidunt impedit est adipisci atque rem.'),
('725','0.00','74533','Rerum ducimus ipsum ut et porro.'),
('769','57.41','1182886','Id ea magni est officiis aperiam saepe nisi.'),
('797','1446152.33','586465243','Amet in animi praesentium aut nihil veniam aut.'),
('833','6653461.80','612303661','Nam illum qui deleniti aut numquam neque.'),
('889','45.07','53','Et consequatur minima tempora dolores a explicabo et.'),
('2670','6.35','380868','Veritatis dolore et culpa soluta culpa magnam facere modi.'),
('2857','830363.31','9226','Iusto nihil omnis iure saepe eveniet eum.'),
('3537','317.78','380868','Ipsum maiores nam maiores commodi at tempora.'),
('4273','6194045.20','0','Est quibusdam similique porro sint eum est.'),
('4367','5628.35','548135','Aperiam nihil dolorem consequuntur libero voluptas id qui natus.'),
('5121','29.35','268292','Tempore veritatis non eum et molestiae aut.'),
('5325','12222371.76','33687063','Doloribus vel in quis magni.'),
('5380','73887444.11','85499859','Occaecati enim aut temporibus libero.'),
('5507','537668874.18','9671','Et esse qui et sed deserunt sapiente.'),
('6521','4.53','74533','Quasi quo tempora placeat ullam possimus.'),
('6686','37889.78','682828894','Omnis sunt harum aut illo.'),
('8340','55.51','6169','Error voluptatem et consequatur ab quae impedit.'),
('8627','15.08','612303661','Debitis quaerat eum distinctio minima quia qui atque.'),
('14498','56.07','20651','Et nemo et nihil qui suscipit vel aut.'),
('35471','420.27','15949','Blanditiis amet vitae harum maiores sunt aliquam corrupti.'),
('37647','834.24','79697','Dolores ea nihil suscipit quas.'),
('40067','18690446.14','53','Et officia non pariatur quis.'),
('50120','3.60','586465243','Provident sit nemo repellendus quia eum voluptas.'),
('53617','485704722.22','4638','Distinctio veritatis modi soluta ut aut autem est.'),
('54786','79267.65','774118','Ullam quia et eum enim magni dolorem.'),
('57583','61529.48','23935377','Doloremque repudiandae sint tenetur magni ad.'),
('61441','0.86','99326','Tempore in aut et ut dolorem qui.'),
('70929','59989097.25','68217','Ratione consequuntur voluptatem laudantium quam aut adipisci dolorem.'),
('78896','88.08','0','Corrupti fugiat omnis eius ipsam earum blanditiis.'),
('87366','33.74','20651','Cum recusandae id voluptate commodi doloremque similique itaque.'),
('90293','54266623.32','159548230','Est ut praesentium accusantium.'),
('125206','3317.11','174','Non blanditiis deserunt earum accusamus repellat distinctio.'),
('256027','4.45','586465243','Quis incidunt impedit corrupti facilis porro sequi aut.'),
('283792','444653.01','68217','Sit voluptas molestiae voluptas eveniet velit molestiae fugiat et.'),
('397783','14663663.98','0','Et qui cupiditate laboriosam.'),
('431561','6.60','34413','Voluptates quis voluptas voluptatibus et facilis similique.'),
('433925','257274.80','6','Et voluptatem esse exercitationem fuga cumque aut.'),
('734078','154.53','95','Iure ut quia voluptatem quibusdam dolorem ea dolore.'),
('791937','12263144.66','34413','Est eveniet sit beatae unde sed.'),
('826450','9125979.40','7','Temporibus deleniti excepturi aut eveniet placeat alias.'),
('869712','1.96','7','Officia adipisci necessitatibus excepturi aut.'),
('959961','33245587.94','6','Ut assumenda sed nisi ea.'),
('974790','23983.77','31','Consequatur nulla natus ut perferendis quis quia.'),
('996529','0.00','91177','Et sunt vitae omnis asperiores et est.'),
('2512118','22.43','0','Est possimus sed quisquam sit natus.'),
('2566308','419.16','1','Quae earum aliquid deserunt itaque suscipit architecto deleniti.'),
('4398706','161.18','612303661','Ut id quod architecto enim praesentium.'),
('8613594','556907.67','874997','Omnis illo nemo rerum vel est ut odit.'),
('9427517','4305088.38','30199','Sint nihil omnis aut voluptate.'),
('20445394','175269187.08','95','Iusto et eos ratione rerum neque iure.'),
('27918865','23593756.03','64','Qui quam ut in reprehenderit maiores.'),
('39731333','64606560.56','9','Facere saepe eum nihil esse et reprehenderit.'),
('54429972','0.00','1073','Error necessitatibus dolorem eos ut dolor enim et perferendis.'),
('54892409','233.87','74533','Explicabo culpa ipsam sit voluptatem dicta.'),
('61585719','484.58','814405327','Dolor magni et consequatur dolorum.'),
('81074510','1.39','6096107','Laboriosam voluptate error a natus.'),
('82655659','20536459.69','49738','Rerum voluptas ut mollitia quia consequuntur.'),
('89963143','3.86','78312344','Quasi sed soluta atque recusandae consequatur sequi dolorem.'),
('91440756','3.95','95136','Sit natus sint laboriosam laboriosam.'),
('289449900','84273.38','95','Consequuntur quidem ipsam et.'),
('321641230','23213015.86','0','Aut molestiae vel necessitatibus expedita quo.'),
('565818555','26196.38','7145507','Voluptatibus ad facere doloribus omnis molestias odio.'),
('598865797','804424.81','8195','Sint vel est animi labore doloremque optio distinctio.'),
('630977851','348250.39','299386','Impedit sint eligendi quo vero.'),
('637221847','190.08','33','Doloribus ea ex voluptatem ducimus autem porro.'),
('661735195','97870.33','159548230','Mollitia tenetur non alias minus quidem.'),
('889598742','168203.20','85499859','Et doloribus velit ut magni consequatur eum et et.'); 
